Scenario,MachineName,Operation,ElapsedMilliseconds
StartStopFastVmsScenario,alpine,Start,6139
StartStopFastVmsScenario,alpine,Stop,1347
StartStopFastVmsScenario,alpine,Start,3867
StartStopFastVmsScenario,alpine,Stop,900
StartStopFastVmsScenario,alpine,Start,1833
StartStopFastVmsScenario,alpine,Stop,1041
StartStopFastVmsScenario,alpine,Start,2658
StartStopFastVmsScenario,alpine,Stop,1392
StartStopFastVmsScenario,alpine,Start,3305
StartStopFastVmsScenario,alpine,Stop,1099
StartStopFastVmsScenario,alpine,Start,1837
StartStopFastVmsScenario,alpine,Stop,948
StartStopFastVmsScenario,alpine,Start,2769
StartStopFastVmsScenario,alpine,Stop,1590
StartStopFastVmsScenario,alpine,Start,3719
StartStopFastVmsScenario,alpine,Stop,1484
StartStopFastVmsScenario,alpine,Start,4026
StartStopFastVmsScenario,alpine,Stop,1454
StartStopFastVmsScenario,alpine,Start,3666
StartStopFastVmsScenario,alpine,Stop,1029
StartStopFastVmsScenario,alpine,Start,1806
StartStopFastVmsScenario,alpine,Stop,713
StartStopFastVmsScenario,alpine,Start,3082
StartStopFastVmsScenario,alpine,Stop,1041
StartStopFastVmsScenario,alpine,Start,1767
StartStopFastVmsScenario,alpine,Stop,849
StartStopFastVmsScenario,alpine,Start,3211
StartStopFastVmsScenario,alpine,Stop,1457
StartStopFastVmsScenario,alpine,Start,4202
StartStopFastVmsScenario,alpine,Stop,994
StartStopFastVmsScenario,alpine,Start,3594
StartStopFastVmsScenario,alpine,Stop,1294
StartStopFastVmsScenario,alpine,Start,1069
StartStopFastVmsScenario,alpine,Stop,771
StartStopFastVmsScenario,alpine,Start,2988
StartStopFastVmsScenario,alpine,Stop,1195
StartStopFastVmsScenario,alpine,Start,1074
StartStopFastVmsScenario,alpine,Stop,1016
StartStopFastVmsScenario,alpine,Start,2511
StartStopFastVmsScenario,alpine,Stop,1413
StartStopFastVmsScenario,alpine,Start,1729
StartStopFastVmsScenario,alpine,Stop,826
StartStopFastVmsScenario,alpine,Start,2305
StartStopFastVmsScenario,alpine,Stop,1419
StartStopFastVmsScenario,alpine,Start,1725
StartStopFastVmsScenario,alpine,Stop,874
StartStopFastVmsScenario,alpine,Start,2716
StartStopFastVmsScenario,alpine,Stop,1233
StartStopFastVmsScenario,alpine,Start,1617
StartStopFastVmsScenario,alpine,Stop,770
StartStopFastVmsScenario,alpine,Start,2692
StartStopFastVmsScenario,alpine,Stop,1235
StartStopFastVmsScenario,alpine,Start,1714
StartStopFastVmsScenario,alpine,Stop,740
StartStopFastVmsScenario,alpine,Start,2680
StartStopFastVmsScenario,alpine,Stop,1292
StartStopFastVmsScenario,alpine,Start,1902
StartStopFastVmsScenario,alpine,Stop,1135
StartStopFastVmsScenario,alpine,Start,2291
StartStopFastVmsScenario,alpine,Stop,1109
StartStopFastVmsScenario,alpine,Start,1157
StartStopFastVmsScenario,alpine,Stop,991
StartStopFastVmsScenario,alpine,Start,2577
StartStopFastVmsScenario,alpine,Stop,1261
StartStopFastVmsScenario,alpine,Start,1668
StartStopFastVmsScenario,alpine,Stop,949
StartStopFastVmsScenario,alpine,Start,2679
StartStopFastVmsScenario,alpine,Stop,1160
StartStopFastVmsScenario,alpine,Start,1768
StartStopFastVmsScenario,alpine,Stop,721
StartStopFastVmsScenario,alpine,Start,2907
StartStopFastVmsScenario,alpine,Stop,1026
StartStopFastVmsScenario,alpine,Start,1641
StartStopFastVmsScenario,alpine,Stop,710
StartStopFastVmsScenario,alpine,Start,2879
StartStopFastVmsScenario,alpine,Stop,1048
StartStopFastVmsScenario,alpine,Start,1751
StartStopFastVmsScenario,alpine,Stop,589
StartStopFastVmsScenario,alpine,Start,2978
StartStopFastVmsScenario,alpine,Stop,1113
StartStopFastVmsScenario,alpine,Start,1975
StartStopFastVmsScenario,alpine,Stop,592
StartStopFastVmsScenario,alpine,Start,2634
StartStopFastVmsScenario,alpine,Stop,1121
StartStopFastVmsScenario,alpine,Start,1794
StartStopFastVmsScenario,alpine,Stop,644
StartStopFastVmsScenario,alpine,Start,2759
StartStopFastVmsScenario,alpine,Stop,1276
StartStopFastVmsScenario,alpine,Start,1771
StartStopFastVmsScenario,alpine,Stop,597
StartStopFastVmsScenario,alpine,Start,2567
StartStopFastVmsScenario,alpine,Stop,1287
StartStopFastVmsScenario,alpine,Start,1645
StartStopFastVmsScenario,alpine,Stop,635
StartStopFastVmsScenario,alpine,Start,2282
StartStopFastVmsScenario,alpine,Stop,899
StartStopFastVmsScenario,alpine,Start,1062
StartStopFastVmsScenario,alpine,Stop,701
StartStopFastVmsScenario,alpine,Start,2257
StartStopFastVmsScenario,alpine,Stop,962
